{"F8Co600+bp/bVlC/Al+HZA==":"r3c005787-trator-gradeando-terra-desktop-1366x768.jpg","911X7bM4yT2Mobv6BsMc+g==":"background8.jpg","sjlwGUQwprBamZ2yBZGqBA==":"logo%20blog%20black-168x36.png","pP1lxxFk0zZdi20EVxjjaw==":"logo-blog.png","fn8KkPN3Mr5tVmlni+YwyQ==":"john-deere-9-series-round-baler-2-rows.jpg","q6wNNY6DrLJl0MRtrdtRqg==":"agresearch-farm-systems-and-environment-secondary-hands-device-pasture.png","25Xv6xEylahX04MwPI2dvw==":"celular.png","+xkUCloguAL1JTyxlmipqQ==":"bovinodeleite.png","xehPqpFz1FXMIErkX9Bnlg==":"9000-series-field-large-r4f027504-1366x500222.jpg","1cB+bDw20tdXKK8wYfC0QA==":"forragem-min.jpg","ZDCL3wdghmcRx8B9Vy/nJA==":"gesto-min-1.jpg","Ifc9u/mzF6kfyywgdJECRQ==":"nutrio-min.jpg","mCUZ/lbbOca/NnSud+7f+w==":"reproduo-min.jpg","5BT90mBDttgcPxvv/nwcvw==":"manejo-min-1.jpg","KxYrHhQ1VFJLqh+3KYIibg==":"sistemas-de-produo-min.jpg","BZTuDeLEVgImulqi9mSaAw==":"mbr.jpg","dbWa5jmUxFyLEaycToBNMg==":"mbr-1.jpg","jGI9OKZmaYCL8sfshuLXpQ==":"mbr-1.jpeg","9A+zkRo1Ux3SB6kZ6wcdHA==":"mbr-2.jpg","D2A8gmMu+GVBrFg5kjoA+g==":"mbr-3.jpg","xwX4iE/ZVaSJ1EtopzYQMQ==":"mbr-3.jpeg","SJjdSDBmpvjKvWTkUxj9wQ==":"mbr-4.jpg","XlnOVej5u8O6qH1FpZ8SkQ==":"logo-blog-white.png","l3zP4puzUbGe7DmSQL2McA==":"agresearch-farm-systems-and-environment-secondary-hands-device-pasture-600x400.png","Vb7GgbMoe0curpGYBParsg==":"background3.jpg","iSKfxguxqrmRLvby8jOvdA==":"pasto%20vacas-858x888.jpg"}